Pe,Da
0.008444444,0.000120191
0.041668483,0.000234262
832.2574924,0.000128858
