Pe,Da
0.000844381,0.011742767
0.00086981,1.230559541
0.000863414,12.30467808
0.000922781,126.02682
